captured_at,source_entry,display_name,xhs_id,ip_location,location,bio,follow_count,fans_count,likes_favorites_count,profile_url,folders_count,items_count
2026-03-19T16:11:28.030019+00:00,,,,,,,,,,,0,0
2026-03-19T16:11:28.030026+00:00,,,,,,,,,,,0,0
2026-03-19T16:11:28.030031+00:00,,,,,,,,,,,0,0
2026-03-19T16:11:28.030034+00:00,,,,,,,,,,,0,0
2026-03-19T16:11:28.030037+00:00,,,,,,,,,,,0,0
2026-03-19T16:11:28.030040+00:00,,,,,,,,,,,0,0
2026-03-19T16:11:28.030044+00:00,,,,,,,,,,,0,0
2026-03-19T16:11:28.030047+00:00,,,,,,,,,,,0,0
2026-03-19T16:11:28.030051+00:00,,,,,,,,,,,0,0
2026-03-19T16:11:28.030055+00:00,,,,,,,,,,,0,0
2026-03-19T16:11:28.030057+00:00,,,,,,,,,,,0,0
2026-03-19T16:11:28.030059+00:00,,,,,,,,,,,0,0
2026-03-19T16:11:28.030062+00:00,,,,,,,,,,,0,0
2026-03-19T16:11:28.030066+00:00,,,,,,,,,,,0,0
2026-03-19T16:11:28.030069+00:00,,,,,,,,,,,0,0
2026-03-19T16:11:28.030072+00:00,,,,,,,,,,,0,0
2026-03-19T16:11:28.030074+00:00,,,,,,,,,,,0,0
2026-03-19T16:11:28.030077+00:00,,,,,,,,,,,0,0
2026-03-19T16:11:28.030079+00:00,,,,,,,,,,,0,0
2026-03-19T16:11:28.030081+00:00,,,,,,,,,,,0,0
